{
  "hash": "46b01b07",
  "configHash": "85e1bc73",
  "lockfileHash": "bd63a31e",
  "browserHash": "a7e18581",
  "optimized": {
    "@angular/common": {
      "src": "../../../../../node_modules/@angular/common/fesm2022/common.mjs",
      "file": "@angular_common.js",
      "fileHash": "eb9d6088",
      "needsInterop": false
    },
    "@angular/core": {
      "src": "../../../../../node_modules/@angular/core/fesm2022/core.mjs",
      "file": "@angular_core.js",
      "fileHash": "3d77ecbc",
      "needsInterop": false
    },
    "@angular/platform-browser": {
      "src": "../../../../../node_modules/@angular/platform-browser/fesm2022/platform-browser.mjs",
      "file": "@angular_platform-browser.js",
      "fileHash": "cf811cf6",
      "needsInterop": false
    },
    "@angular/router": {
      "src": "../../../../../node_modules/@angular/router/fesm2022/router.mjs",
      "file": "@angular_router.js",
      "fileHash": "ac2ec38f",
      "needsInterop": false
    },
    "@angular/common/http": {
      "src": "../../../../../node_modules/@angular/common/fesm2022/http.mjs",
      "file": "@angular_common_http.js",
      "fileHash": "523d8d5c",
      "needsInterop": false
    },
    "rxjs": {
      "src": "../../../../../node_modules/rxjs/dist/esm5/index.js",
      "file": "rxjs.js",
      "fileHash": "b1b15adf",
      "needsInterop": false
    }
  },
  "chunks": {
    "chunk-TZ6F6Q5N": {
      "file": "chunk-TZ6F6Q5N.js"
    },
    "chunk-G5FCUUXZ": {
      "file": "chunk-G5FCUUXZ.js"
    },
    "chunk-VPC6U7HF": {
      "file": "chunk-VPC6U7HF.js"
    },
    "chunk-3AHNKUIX": {
      "file": "chunk-3AHNKUIX.js"
    },
    "chunk-ZLMZVGHN": {
      "file": "chunk-ZLMZVGHN.js"
    }
  }
}